MARY,female
PATRICIA,female
LINDA,female
BARBARA,female
ELIZABETH,female
JENNIFER,female
MARIA,female
SUSAN,female
MARGARET,female
DOROTHY,female
LISA,female
NANCY,female
KAREN,female
BETTY,female
HELEN,female
SANDRA,female
DONNA,female
CAROL,female
RUTH,female
SHARON,female
MICHELLE,female
LAURA,female
SARAH,female
KIMBERLY,female
DEBORAH,female
JESSICA,female
SHIRLEY,female
CYNTHIA,female
ANGELA,female
MELISSA,female
BRENDA,female
AMY,female
ANNA,female
REBECCA,female
VIRGINIA,female
KATHLEEN,female
PAMELA,female
MARTHA,female
DEBRA,female
AMANDA,female
STEPHANIE,female
CAROLYN,female
CHRISTINE,female
MARIE,female
JANET,female
CATHERINE,female
FRANCES,female
ANN,female
JOYCE,female
DIANE,female
ALICE,female
JULIE,female
HEATHER,female
TERESA,female
DORIS,female
GLORIA,female
EVELYN,female
JEAN,female
CHERYL,female
MILDRED,female
KATHERINE,female
JOAN,female
ASHLEY,female
JUDITH,female
ROSE,female
JANICE,female
KELLY,female
NICOLE,female
JUDY,female
CHRISTINA,female
KATHY,female
THERESA,female
BEVERLY,female
DENISE,female
TAMMY,female
IRENE,female
JANE,female
LORI,female
RACHEL,female
MARILYN,female
ANDREA,female
KATHRYN,female
LOUISE,female
SARA,female
ANNE,female
JACQUELINE,female
WANDA,female
BONNIE,female
JULIA,female
RUBY,female
LOIS,female
TINA,female
PHYLLIS,female
NORMA,female
PAULA,female
DIANA,female
ANNIE,female
LILLIAN,female
EMILY,female
ROBIN,female
PEGGY,female
CRYSTAL,female
GLADYS,female
RITA,female
DAWN,female
CONNIE,female
FLORENCE,female
TRACY,female
EDNA,female
TIFFANY,female
CARMEN,female
ROSA,female
CINDY,female
GRACE,female
WENDY,female
VICTORIA,female
EDITH,female
KIM,female
SHERRY,female
SYLVIA,female
JOSEPHINE,female
THELMA,female
SHANNON,female
SHEILA,female
ETHEL,female
ELLEN,female
ELAINE,female
MARJORIE,female
CARRIE,female
CHARLOTTE,female
MONICA,female
ESTHER,female
PAULINE,female
EMMA,female
JUANITA,female
ANITA,female
RHONDA,female
HAZEL,female
AMBER,female
EVA,female
DEBBIE,female
APRIL,female
LESLIE,female
CLARA,female
LUCILLE,female
JAMIE,female
JOANNE,female
ELEANOR,female
VALERIE,female
DANIELLE,female
MEGAN,female
ALICIA,female
SUZANNE,female
MICHELE,female
GAIL,female
BERTHA,female
DARLENE,female
VERONICA,female
JILL,female
ERIN,female
GERALDINE,female
LAUREN,female
CATHY,female
JOANN,female
LORRAINE,female
LYNN,female
SALLY,female
REGINA,female
ERICA,female
BEATRICE,female
DOLORES,female
BERNICE,female
AUDREY,female
YVONNE,female
ANNETTE,female
JUNE,female
SAMANTHA,female
MARION,female
DANA,female
STACY,female
ANA,female
RENEE,female
IDA,female
VIVIAN,female
ROBERTA,female
HOLLY,female
BRITTANY,female
MELANIE,female
LORETTA,female
YOLANDA,female
JEANETTE,female
LAURIE,female
KATIE,female
KRISTEN,female
VANESSA,female
ALMA,female
SUE,female
ELSIE,female
BETH,female
JEANNE,female
VICKI,female
CARLA,female
TARA,female
ROSEMARY,female
EILEEN,female
TERRI,female
GERTRUDE,female
LUCY,female
TONYA,female
ELLA,female
STACEY,female
WILMA,female
GINA,female
KRISTIN,female
JESSIE,female
NATALIE,female
AGNES,female
VERA,female
WILLIE,female
CHARLENE,female
BESSIE,female
DELORES,female
MELINDA,female
PEARL,female
ARLENE,female
MAUREEN,female
COLLEEN,female
ALLISON,female
TAMARA,female
JOY,female
GEORGIA,female
CONSTANCE,female
LILLIE,female
CLAUDIA,female
JACKIE,female
MARCIA,female
TANYA,female
NELLIE,female
MINNIE,female
MARLENE,female
HEIDI,female
GLENDA,female
LYDIA,female
VIOLA,female
COURTNEY,female
MARIAN,female
STELLA,female
CAROLINE,female
DORA,female
JO,female
VICKIE,female
MATTIE,female
TERRY,female
MAXINE,female
IRMA,female
MABEL,female
MARSHA,female
MYRTLE,female
LENA,female
CHRISTY,female
DEANNA,female
PATSY,female
HILDA,female
GWENDOLYN,female
JENNIE,female
NORA,female
MARGIE,female
NINA,female
CASSANDRA,female
LEAH,female
PENNY,female
KAY,female
PRISCILLA,female
NAOMI,female
CAROLE,female
BRANDY,female
OLGA,female
BILLIE,female
DIANNE,female
TRACEY,female
LEONA,female
JENNY,female
FELICIA,female
SONIA,female
MIRIAM,female
VELMA,female
BECKY,female
BOBBIE,female
VIOLET,female
KRISTINA,female
TONI,female
MISTY,female
MAE,female
SHELLY,female
DAISY,female
RAMONA,female
SHERRI,female
ERIKA,female
KATRINA,female
CLAIRE,female
LINDSEY,female
LINDSAY,female
GENEVA,female
GUADALUPE,female
BELINDA,female
MARGARITA,female
SHERYL,female
CORA,female
FAYE,female
ADA,female
NATASHA,female
SABRINA,female
ISABEL,female
MARGUERITE,female
HATTIE,female
HARRIET,female
MOLLY,female
CECILIA,female
KRISTI,female
BRANDI,female
BLANCHE,female
SANDY,female
ROSIE,female
JOANNA,female
IRIS,female
EUNICE,female
ANGIE,female
INEZ,female
LYNDA,female
MADELINE,female
AMELIA,female
ALBERTA,female
GENEVIEVE,female
MONIQUE,female
JODI,female
JANIE,female
MAGGIE,female
KAYLA,female
SONYA,female
JAN,female
LEE,female
KRISTINE,female
CANDACE,female
FANNIE,female
MARYANN,female
OPAL,female
ALISON,female
YVETTE,female
MELODY,female
LUZ,female
SUSIE,female
OLIVIA,female
FLORA,female
SHELLEY,female
KRISTY,female
MAMIE,female
LULA,female
LOLA,female
VERNA,female
BEULAH,female
ANTOINETTE,female
CANDICE,female
JUANA,female
JEANNETTE,female
PAM,female
KELLI,female
HANNAH,female
WHITNEY,female
BRIDGET,female
KARLA,female
CELIA,female
LATOYA,female
PATTY,female
SHELIA,female
GAYLE,female
DELLA,female
VICKY,female
LYNNE,female
SHERI,female
MARIANNE,female
KARA,female
JACQUELYN,female
ERMA,female
BLANCA,female
MYRA,female
LETICIA,female
PAT,female
KRISTA,female
ROXANNE,female
ANGELICA,female
JOHNNIE,female
ROBYN,female
FRANCIS,female
ADRIENNE,female
ROSALIE,female
ALEXANDRA,female
BROOKE,female
BETHANY,female
SADIE,female
BERNADETTE,female
TRACI,female
JODY,female
KENDRA,female
JASMINE,female
NICHOLE,female
RACHAEL,female
CHELSEA,female
MABLE,female
ERNESTINE,female
MURIEL,female
MARCELLA,female
ELENA,female
KRYSTAL,female
ANGELINA,female
NADINE,female
KARI,female
ESTELLE,female
DIANNA,female
PAULETTE,female
LORA,female
MONA,female
DOREEN,female
ROSEMARIE,female
ANGEL,female
DESIREE,female
ANTONIA,female
HOPE,female
GINGER,female
JANIS,female
BETSY,female
CHRISTIE,female
FREDA,female
MERCEDES,female
MEREDITH,female
LYNETTE,female
TERI,female
CRISTINA,female
EULA,female
LEIGH,female
MEGHAN,female
SOPHIA,female
ELOISE,female
ROCHELLE,female
GRETCHEN,female
CECELIA,female
RAQUEL,female
HENRIETTA,female
ALYSSA,female
JANA,female
KELLEY,female
GWEN,female
KERRY,female
JENNA,female
TRICIA,female
LAVERNE,female
OLIVE,female
ALEXIS,female
TASHA,female
SILVIA,female
ELVIRA,female
CASEY,female
DELIA,female
SOPHIE,female
KATE,female
PATTI,female
LORENA,female
KELLIE,female
SONJA,female
LILA,female
LANA,female
DARLA,female
MAY,female
MINDY,female
ESSIE,female
MANDY,female
LORENE,female
ELSA,female
JOSEFINA,female
JEANNIE,female
MIRANDA,female
DIXIE,female
LUCIA,female
MARTA,female
FAITH,female
LELA,female
JOHANNA,female
SHARI,female
CAMILLE,female
TAMI,female
SHAWNA,female
ELISA,female
EBONY,female
MELBA,female
ORA,female
NETTIE,female
TABITHA,female
OLLIE,female
JAIME,female
WINIFRED,female
KRISTIE,female
MARINA,female
ALISHA,female
AIMEE,female
RENA,female
MYRNA,female
MARLA,female
TAMMIE,female
LATASHA,female
BONITA,female
PATRICE,female
RONDA,female
SHERRIE,female
ADDIE,female
FRANCINE,female
DELORIS,female
STACIE,female
ADRIANA,female
CHERI,female
SHELBY,female
ABIGAIL,female
CELESTE,female
JEWEL,female
CARA,female
ADELE,female
REBEKAH,female
LUCINDA,female
DORTHY,female
CHRIS,female
EFFIE,female
TRINA,female
REBA,female
SHAWN,female
SALLIE,female
AURORA,female
LENORA,female
ETTA,female
LOTTIE,female
KERRI,female
TRISHA,female
NIKKI,female
ESTELLA,female
FRANCISCA,female
JOSIE,female
TRACIE,female
MARISSA,female
KARIN,female
BRITTNEY,female
JANELLE,female
LOURDES,female
LAUREL,female
HELENE,female
FERN,female
ELVA,female
CORINNE,female
KELSEY,female
INA,female
BETTIE,female
ELISABETH,female
AIDA,female
CAITLIN,female
INGRID,female
IVA,female
EUGENIA,female
CHRISTA,female
GOLDIE,female
CASSIE,female
MAUDE,female
JENIFER,female
THERESE,female
FRANKIE,female
DENA,female
LORNA,female
JANETTE,female
LATONYA,female
CANDY,female
MORGAN,female
CONSUELO,female
TAMIKA,female
ROSETTA,female
DEBORA,female
CHERIE,female
POLLY,female
DINA,female
JEWELL,female
FAY,female
JILLIAN,female
DOROTHEA,female
NELL,female
TRUDY,female
ESPERANZA,female
PATRICA,female
KIMBERLEY,female
SHANNA,female
HELENA,female
CAROLINA,female
CLEO,female
STEFANIE,female
ROSARIO,female
OLA,female
JANINE,female
MOLLIE,female
LUPE,female
ALISA,female
LOU,female
MARIBEL,female
SUSANNE,female
BETTE,female
SUSANA,female
ELISE,female
CECILE,female
ISABELLE,female
LESLEY,female
JOCELYN,female
PAIGE,female
JONI,female
RACHELLE,female
LEOLA,female
DAPHNE,female
ALTA,female
ESTER,female
PETRA,female
GRACIELA,female
IMOGENE,female
JOLENE,female
KEISHA,female
LACEY,female
GLENNA,female
GABRIELA,female
KERI,female
URSULA,female
LIZZIE,female
KIRSTEN,female
SHANA,female
ADELINE,female
MAYRA,female
JAYNE,female
JACLYN,female
GRACIE,female
SONDRA,female
CARMELA,female
MARISA,female
ROSALIND,female
CHARITY,female
TONIA,female
BEATRIZ,female
MARISOL,female
CLARICE,female
JEANINE,female
SHEENA,female
ANGELINE,female
FRIEDA,female
LILY,female
ROBBIE,female
SHAUNA,female
MILLIE,female
CLAUDETTE,female
CATHLEEN,female
ANGELIA,female
GABRIELLE,female
AUTUMN,female
KATHARINE,female
SUMMER,female
JODIE,female
STACI,female
LEA,female
CHRISTI,female
JIMMIE,female
JUSTINE,female
ELMA,female
LUELLA,female
MARGRET,female
DOMINIQUE,female
SOCORRO,female
RENE,female
MARTINA,female
MARGO,female
MAVIS,female
CALLIE,female
BOBBI,female
MARITZA,female
LUCILE,female
LEANNE,female
JEANNINE,female
DEANA,female
AILEEN,female
LORIE,female
LADONNA,female
WILLA,female
MANUELA,female
GALE,female
SELMA,female
DOLLY,female
SYBIL,female
ABBY,female
LARA,female
DALE,female
IVY,female
DEE,female
WINNIE,female
MARCY,female
LUISA,female
JERI,female
MAGDALENA,female
OFELIA,female
MEAGAN,female
AUDRA,female
MATILDA,female
LEILA,female
CORNELIA,female
BIANCA,female
SIMONE,female
BETTYE,female
RANDI,female
VIRGIE,female
LATISHA,female
BARBRA,female
GEORGINA,female
ELIZA,female
LEANN,female
BRIDGETTE,female
RHODA,female
HALEY,female
ADELA,female
NOLA,female
BERNADINE,female
FLOSSIE,female
ILA,female
GRETA,female
RUTHIE,female
NELDA,female
MINERVA,female
LILLY,female
TERRIE,female
LETHA,female
HILARY,female
ESTELA,female
VALARIE,female
BRIANNA,female
ROSALYN,female
EARLINE,female
CATALINA,female
AVA,female
MIA,female
CLARISSA,female
LIDIA,female
CORRINE,female
ALEXANDRIA,female
CONCEPCION,female
TIA,female
SHARRON,female
RAE,female
DONA,female
ERICKA,female
JAMI,female
ELNORA,female
CHANDRA,female
LENORE,female
NEVA,female
MARYLOU,female
MELISA,female
TABATHA,female
SERENA,female
AVIS,female
ALLIE,female
SOFIA,female
JEANIE,female
ODESSA,female
NANNIE,female
HARRIETT,female
LORAINE,female
PENELOPE,female
MILAGROS,female
EMILIA,female
BENITA,female
ALLYSON,female
ASHLEE,female
TANIA,female
TOMMIE,female
ESMERALDA,female
KARINA,female
EVE,female
PEARLIE,female
ZELMA,female
MALINDA,female
NOREEN,female
TAMEKA,female
SAUNDRA,female
HILLARY,female
AMIE,female
ALTHEA,female
ROSALINDA,female
JORDAN,female
LILIA,female
ALANA,female
GAY,female
CLARE,female
ALEJANDRA,female
ELINOR,female
MICHAEL,female
LORRIE,female
JERRI,female
DARCY,female
EARNESTINE,female
CARMELLA,female
TAYLOR,female
NOEMI,female
MARCIE,female
LIZA,female
ANNABELLE,female
LOUISA,female
EARLENE,female
MALLORY,female
CARLENE,female
NITA,female
SELENA,female
TANISHA,female
KATY,female
JULIANNE,female
JOHN,female
LAKISHA,female
EDWINA,female
MARICELA,female
MARGERY,female
KENYA,female
DOLLIE,female
ROXIE,female
ROSLYN,female
KATHRINE,female
NANETTE,female
CHARMAINE,female
LAVONNE,female
ILENE,female
KRIS,female
TAMMI,female
SUZETTE,female
CORINE,female
KAYE,female
JERRY,female
MERLE,female
CHRYSTAL,female
LINA,female
DEANNE,female
LILIAN,female
JULIANA,female
ALINE,female
LUANN,female
KASEY,female
MARYANNE,female
EVANGELINE,female
COLETTE,female
MELVA,female
LAWANDA,female
YESENIA,female
NADIA,female
MADGE,female
KATHIE,female
EDDIE,female
OPHELIA,female
VALERIA,female
NONA,female
MITZI,female
MARI,female
GEORGETTE,female
CLAUDINE,female
FRAN,female
ALISSA,female
ROSEANN,female
LAKEISHA,female
SUSANNA,female
REVA,female
DEIDRE,female
CHASITY,female
SHEREE,female
CARLY,female
JAMES,female
ELVIA,female
ALYCE,female
DEIRDRE,female
GENA,female
BRIANA,female
ARACELI,female
KATELYN,female
ROSANNE,female
WENDI,female
TESSA,female
BERTA,female
MARVA,female
IMELDA,female
MARIETTA,female
MARCI,female
LEONOR,female
ARLINE,female
SASHA,female
MADELYN,female
JANNA,female
JULIETTE,female
DEENA,female
AURELIA,female
JOSEFA,female
AUGUSTA,female
LILIANA,female
YOUNG,female
CHRISTIAN,female
LESSIE,female
AMALIA,female
SAVANNAH,female
ANASTASIA,female
VILMA,female
NATALIA,female
ROSELLA,female
LYNNETTE,female
CORINA,female
ALFREDA,female
LEANNA,female
CAREY,female
AMPARO,female
COLEEN,female
TAMRA,female
AISHA,female
WILDA,female
KARYN,female
CHERRY,female
QUEEN,female
MAURA,female
MAI,female
EVANGELINA,female
ROSANNA,female
HALLIE,female
ERNA,female
ENID,female
MARIANA,female
LACY,female
JULIET,female
JACKLYN,female
FREIDA,female
MADELEINE,female
MARA,female
HESTER,female
CATHRYN,female
LELIA,female
CASANDRA,female
BRIDGETT,female
ANGELITA,female
JANNIE,female
DIONNE,female
ANNMARIE,female
KATINA,female
BERYL,female
PHOEBE,female
MILLICENT,female
KATHERYN,female
DIANN,female
CARISSA,female
MARYELLEN,female
LIZ,female
LAURI,female
HELGA,female
GILDA,female
ADRIAN,female
RHEA,female
MARQUITA,female
HOLLIE,female
TISHA,female
TAMERA,female
ANGELIQUE,female
FRANCESCA,female
BRITNEY,female
KAITLIN,female
LOLITA,female
FLORINE,female
ROWENA,female
REYNA,female
TWILA,female
FANNY,female
JANELL,female
INES,female
CONCETTA,female
BERTIE,female
ALBA,female
BRIGITTE,female
ALYSON,female
VONDA,female
PANSY,female
ELBA,female
NOELLE,female
LETITIA,female
KITTY,female
DEANN,female
BRANDIE,female
LOUELLA,female
LETA,female
FELECIA,female
SHARLENE,female
LESA,female
BEVERLEY,female
ROBERT,female
ISABELLA,female
HERMINIA,female
TERRA,female
CELINA,female
