SMITH,last
JOHNSON,last
WILLIAMS,last
BROWN,last
JONES,last
MILLER,last
DAVIS,last
GARCIA,last
RODRIGUEZ,last
WILSON,last
MARTINEZ,last
ANDERSON,last
TAYLOR,last
THOMAS,last
HERNANDEZ,last
MOORE,last
MARTIN,last
JACKSON,last
THOMPSON,last
WHITE,last
LOPEZ,last
LEE,last
GONZALEZ,last
HARRIS,last
CLARK,last
LEWIS,last
ROBINSON,last
WALKER,last
PEREZ,last
HALL,last
YOUNG,last
ALLEN,last
SANCHEZ,last
WRIGHT,last
KING,last
SCOTT,last
GREEN,last
BAKER,last
ADAMS,last
NELSON,last
HILL,last
RAMIREZ,last
CAMPBELL,last
MITCHELL,last
ROBERTS,last
CARTER,last
PHILLIPS,last
EVANS,last
TURNER,last
TORRES,last
PARKER,last
COLLINS,last
EDWARDS,last
STEWART,last
FLORES,last
MORRIS,last
NGUYEN,last
MURPHY,last
RIVERA,last
COOK,last
ROGERS,last
MORGAN,last
PETERSON,last
COOPER,last
REED,last
BAILEY,last
BELL,last
GOMEZ,last
KELLY,last
HOWARD,last
WARD,last
COX,last
DIAZ,last
RICHARDSON,last
WOOD,last
WATSON,last
BROOKS,last
BENNETT,last
GRAY,last
JAMES,last
REYES,last
CRUZ,last
HUGHES,last
PRICE,last
MYERS,last
LONG,last
FOSTER,last
SANDERS,last
ROSS,last
MORALES,last
POWELL,last
SULLIVAN,last
RUSSELL,last
ORTIZ,last
JENKINS,last
GUTIERREZ,last
PERRY,last
BUTLER,last
BARNES,last
FISHER,last
HENDERSON,last
COLEMAN,last
SIMMONS,last
PATTERSON,last
JORDAN,last
REYNOLDS,last
HAMILTON,last
GRAHAM,last
KIM,last
GONZALES,last
ALEXANDER,last
RAMOS,last
WALLACE,last
GRIFFIN,last
WEST,last
COLE,last
HAYES,last
CHAVEZ,last
GIBSON,last
BRYANT,last
ELLIS,last
STEVENS,last
MURRAY,last
FORD,last
MARSHALL,last
OWENS,last
MCDONALD,last
HARRISON,last
RUIZ,last
KENNEDY,last
WELLS,last
ALVAREZ,last
WOODS,last
MENDOZA,last
CASTILLO,last
OLSON,last
WEBB,last
WASHINGTON,last
TUCKER,last
FREEMAN,last
BURNS,last
HENRY,last
VASQUEZ,last
SNYDER,last
SIMPSON,last
CRAWFORD,last
JIMENEZ,last
PORTER,last
MASON,last
SHAW,last
GORDON,last
WAGNER,last
HUNTER,last
ROMERO,last
HICKS,last
DIXON,last
HUNT,last
PALMER,last
ROBERTSON,last
BLACK,last
HOLMES,last
STONE,last
MEYER,last
BOYD,last
MILLS,last
WARREN,last
FOX,last
ROSE,last
RICE,last
MORENO,last
SCHMIDT,last
PATEL,last
FERGUSON,last
NICHOLS,last
HERRERA,last
MEDINA,last
RYAN,last
FERNANDEZ,last
WEAVER,last
DANIELS,last
STEPHENS,last
GARDNER,last
PAYNE,last
KELLEY,last
DUNN,last
PIERCE,last
ARNOLD,last
TRAN,last
SPENCER,last
PETERS,last
HAWKINS,last
GRANT,last
HANSEN,last
CASTRO,last
HOFFMAN,last
HART,last
ELLIOTT,last
CUNNINGHAM,last
KNIGHT,last
BRADLEY,last
CARROLL,last
HUDSON,last
DUNCAN,last
ARMSTRONG,last
BERRY,last
ANDREWS,last
JOHNSTON,last
RAY,last
LANE,last
RILEY,last
CARPENTER,last
PERKINS,last
AGUILAR,last
SILVA,last
RICHARDS,last
WILLIS,last
MATTHEWS,last
CHAPMAN,last
LAWRENCE,last
GARZA,last
VARGAS,last
WATKINS,last
WHEELER,last
LARSON,last
CARLSON,last
HARPER,last
GEORGE,last
GREENE,last
BURKE,last
GUZMAN,last
MORRISON,last
MUNOZ,last
JACOBS,last
OBRIEN,last
LAWSON,last
FRANKLIN,last
LYNCH,last
BISHOP,last
CARR,last
SALAZAR,last
AUSTIN,last
MENDEZ,last
GILBERT,last
JENSEN,last
WILLIAMSON,last
MONTGOMERY,last
HARVEY,last
OLIVER,last
HOWELL,last
DEAN,last
HANSON,last
WEBER,last
GARRETT,last
SIMS,last
BURTON,last
FULLER,last
SOTO,last
MCCOY,last
WELCH,last
CHEN,last
SCHULTZ,last
WALTERS,last
REID,last
FIELDS,last
WALSH,last
LITTLE,last
FOWLER,last
BOWMAN,last
DAVIDSON,last
MAY,last
DAY,last
SCHNEIDER,last
NEWMAN,last
BREWER,last
LUCAS,last
HOLLAND,last
WONG,last
BANKS,last
SANTOS,last
CURTIS,last
PEARSON,last
DELGADO,last
VALDEZ,last
PENA,last
RIOS,last
DOUGLAS,last
SANDOVAL,last
BARRETT,last
HOPKINS,last
KELLER,last
GUERRERO,last
STANLEY,last
BATES,last
ALVARADO,last
BECK,last
ORTEGA,last
WADE,last
ESTRADA,last
CONTRERAS,last
BARNETT,last
CALDWELL,last
SANTIAGO,last
LAMBERT,last
POWERS,last
CHAMBERS,last
NUNEZ,last
CRAIG,last
LEONARD,last
LOWE,last
RHODES,last
BYRD,last
GREGORY,last
SHELTON,last
FRAZIER,last
BECKER,last
MALDONADO,last
FLEMING,last
VEGA,last
SUTTON,last
COHEN,last
JENNINGS,last
PARKS,last
MCDANIEL,last
WATTS,last
BARKER,last
NORRIS,last
VAUGHN,last
VAZQUEZ,last
HOLT,last
SCHWARTZ,last
STEELE,last
BENSON,last
NEAL,last
DOMINGUEZ,last
HORTON,last
TERRY,last
WOLFE,last
HALE,last
LYONS,last
GRAVES,last
HAYNES,last
MILES,last
PARK,last
WARNER,last
PADILLA,last
BUSH,last
THORNTON,last
MCCARTHY,last
MANN,last
ZIMMERMAN,last
ERICKSON,last
FLETCHER,last
MCKINNEY,last
PAGE,last
DAWSON,last
JOSEPH,last
MARQUEZ,last
REEVES,last
KLEIN,last
ESPINOZA,last
BALDWIN,last
MORAN,last
LOVE,last
ROBBINS,last
HIGGINS,last
BALL,last
CORTEZ,last
LE,last
GRIFFITH,last
BOWEN,last
SHARP,last
CUMMINGS,last
RAMSEY,last
HARDY,last
SWANSON,last
BARBER,last
ACOSTA,last
LUNA,last
CHANDLER,last
DANIEL,last
BLAIR,last
CROSS,last
SIMON,last
DENNIS,last
OCONNOR,last
QUINN,last
GROSS,last
NAVARRO,last
MOSS,last
FITZGERALD,last
DOYLE,last
MCLAUGHLIN,last
ROJAS,last
RODGERS,last
STEVENSON,last
SINGH,last
YANG,last
FIGUEROA,last
HARMON,last
NEWTON,last
PAUL,last
MANNING,last
GARNER,last
MCGEE,last
REESE,last
FRANCIS,last
BURGESS,last
ADKINS,last
GOODMAN,last
CURRY,last
BRADY,last
CHRISTENSEN,last
POTTER,last
WALTON,last
GOODWIN,last
MULLINS,last
MOLINA,last
WEBSTER,last
FISCHER,last
CAMPOS,last
AVILA,last
SHERMAN,last
TODD,last
CHANG,last
BLAKE,last
MALONE,last
WOLF,last
HODGES,last
JUAREZ,last
GILL,last
FARMER,last
HINES,last
GALLAGHER,last
DURAN,last
HUBBARD,last
CANNON,last
MIRANDA,last
WANG,last
SAUNDERS,last
TATE,last
MACK,last
HAMMOND,last
CARRILLO,last
TOWNSEND,last
WISE,last
INGRAM,last
BARTON,last
MEJIA,last
AYALA,last
SCHROEDER,last
HAMPTON,last
ROWE,last
PARSONS,last
FRANK,last
WATERS,last
STRICKLAND,last
OSBORNE,last
MAXWELL,last
CHAN,last
DELEON,last
NORMAN,last
HARRINGTON,last
CASEY,last
PATTON,last
LOGAN,last
BOWERS,last
MUELLER,last
GLOVER,last
FLOYD,last
HARTMAN,last
BUCHANAN,last
COBB,last
FRENCH,last
KRAMER,last
MCCORMICK,last
CLARKE,last
TYLER,last
GIBBS,last
MOODY,last
CONNER,last
SPARKS,last
MCGUIRE,last
LEON,last
BAUER,last
NORTON,last
POPE,last
FLYNN,last
HOGAN,last
ROBLES,last
SALINAS,last
YATES,last
LINDSEY,last
LLOYD,last
MARSH,last
MCBRIDE,last
OWEN,last
SOLIS,last
PHAM,last
LANG,last
PRATT,last
LARA,last
BROCK,last
BALLARD,last
TRUJILLO,last
SHAFFER,last
DRAKE,last
ROMAN,last
AGUIRRE,last
MORTON,last
STOKES,last
LAMB,last
PACHECO,last
PATRICK,last
COCHRAN,last
SHEPHERD,last
CAIN,last
BURNETT,last
HESS,last
LI,last
CERVANTES,last
OLSEN,last
BRIGGS,last
OCHOA,last
CABRERA,last
VELASQUEZ,last
MONTOYA,last
ROTH,last
MEYERS,last
CARDENAS,last
FUENTES,last
WEISS,last
WILKINS,last
HOOVER,last
NICHOLSON,last
UNDERWOOD,last
SHORT,last
CARSON,last
MORROW,last
COLON,last
HOLLOWAY,last
SUMMERS,last
BRYAN,last
PETERSEN,last
MCKENZIE,last
SERRANO,last
WILCOX,last
CAREY,last
CLAYTON,last
POOLE,last
CALDERON,last
GALLEGOS,last
GREER,last
RIVAS,last
GUERRA,last
DECKER,last
COLLIER,last
WALL,last
WHITAKER,last
BASS,last
FLOWERS,last
DAVENPORT,last
CONLEY,last
HOUSTON,last
HUFF,last
COPELAND,last
HOOD,last
MONROE,last
MASSEY,last
ROBERSON,last
COMBS,last
FRANCO,last
LARSEN,last
PITTMAN,last
RANDALL,last
SKINNER,last
WILKINSON,last
KIRBY,last
CAMERON,last
BRIDGES,last
ANTHONY,last
RICHARD,last
KIRK,last
BRUCE,last
SINGLETON,last
MATHIS,last
BRADFORD,last
BOONE,last
ABBOTT,last
CHARLES,last
ALLISON,last
SWEENEY,last
ATKINSON,last
HORN,last
JEFFERSON,last
ROSALES,last
YORK,last
CHRISTIAN,last
PHELPS,last
FARRELL,last
CASTANEDA,last
NASH,last
DICKERSON,last
BOND,last
WYATT,last
FOLEY,last
CHASE,last
GATES,last
VINCENT,last
MATHEWS,last
HODGE,last
GARRISON,last
TREVINO,last
VILLARREAL,last
HEATH,last
DALTON,last
VALENCIA,last
CALLAHAN,last
HENSLEY,last
ATKINS,last
HUFFMAN,last
ROY,last
BOYER,last
SHIELDS,last
LIN,last
HANCOCK,last
GRIMES,last
GLENN,last
CLINE,last
DELACRUZ,last
CAMACHO,last
DILLON,last
PARRISH,last
ONEILL,last
MELTON,last
BOOTH,last
KANE,last
BERG,last
HARRELL,last
PITTS,last
SAVAGE,last
WIGGINS,last
BRENNAN,last
SALAS,last
MARKS,last
RUSSO,last
SAWYER,last
BAXTER,last
GOLDEN,last
HUTCHINSON,last
LIU,last
WALTER,last
MCDOWELL,last
WILEY,last
RICH,last
HUMPHREY,last
JOHNS,last
KOCH,last
SUAREZ,last
HOBBS,last
BEARD,last
GILMORE,last
IBARRA,last
KEITH,last
MACIAS,last
KHAN,last
ANDRADE,last
WARE,last
STEPHENSON,last
HENSON,last
WILKERSON,last
DYER,last
MCCLURE,last
BLACKWELL,last
MERCADO,last
TANNER,last
EATON,last
CLAY,last
BARRON,last
BEASLEY,last
ONEAL,last
SMALL,last
PRESTON,last
WU,last
ZAMORA,last
MACDONALD,last
VANCE,last
SNOW,last
MCCLAIN,last
STAFFORD,last
OROZCO,last
BARRY,last
ENGLISH,last
SHANNON,last
KLINE,last
JACOBSON,last
WOODARD,last
HUANG,last
KEMP,last
MOSLEY,last
PRINCE,last
MERRITT,last
HURST,last
VILLANUEVA,last
ROACH,last
NOLAN,last
LAM,last
YODER,last
MCCULLOUGH,last
LESTER,last
SANTANA,last
VALENZUELA,last
WINTERS,last
BARRERA,last
ORR,last
LEACH,last
BERGER,last
MCKEE,last
STRONG,last
CONWAY,last
STEIN,last
WHITEHEAD,last
BULLOCK,last
ESCOBAR,last
KNOX,last
MEADOWS,last
SOLOMON,last
VELEZ,last
ODONNELL,last
KERR,last
STOUT,last
BLANKENSHIP,last
BROWNING,last
KENT,last
LOZANO,last
BARTLETT,last
PRUITT,last
BUCK,last
BARR,last
GAINES,last
DURHAM,last
GENTRY,last
MCINTYRE,last
SLOAN,last
ROCHA,last
MELENDEZ,last
HERMAN,last
SEXTON,last
MOON,last
HENDRICKS,last
RANGEL,last
STARK,last
LOWERY,last
HARDIN,last
HULL,last
SELLERS,last
ELLISON,last
CALHOUN,last
GILLESPIE,last
MORA,last
KNAPP,last
MCCALL,last
MORSE,last
DORSEY,last
WEEKS,last
NIELSEN,last
LIVINGSTON,last
LEBLANC,last
MCLEAN,last
BRADSHAW,last
GLASS,last
MIDDLETON,last
BUCKLEY,last
SCHAEFER,last
FROST,last
HOWE,last
HOUSE,last
MCINTOSH,last
HO,last
PENNINGTON,last
REILLY,last
HEBERT,last
MCFARLAND,last
HICKMAN,last
NOBLE,last
SPEARS,last
CONRAD,last
ARIAS,last
GALVAN,last
VELAZQUEZ,last
HUYNH,last
FREDERICK,last
RANDOLPH,last
CANTU,last
FITZPATRICK,last
MAHONEY,last
PECK,last
VILLA,last
MICHAEL,last
DONOVAN,last
MCCONNELL,last
WALLS,last
BOYLE,last
MAYER,last
ZUNIGA,last
GILES,last
PINEDA,last
PACE,last
HURLEY,last
MAYS,last
MCMILLAN,last
CROSBY,last
AYERS,last
CASE,last
BENTLEY,last
SHEPARD,last
EVERETT,last
PUGH,last
DAVID,last
MCMAHON,last
DUNLAP,last
BENDER,last
HAHN,last
HARDING,last
ACEVEDO,last
RAYMOND,last
BLACKBURN,last
DUFFY,last
LANDRY,last
DOUGHERTY,last
BAUTISTA,last
SHAH,last
POTTS,last
ARROYO,last
VALENTINE,last
MEZA,last
GOULD,last
VAUGHAN,last
FRY,last
RUSH,last
AVERY,last
HERRING,last
DODSON,last
CLEMENTS,last
SAMPSON,last
TAPIA,last
BEAN,last
LYNN,last
CRANE,last
FARLEY,last
CISNEROS,last
BENTON,last
ASHLEY,last
MCKAY,last
FINLEY,last
BEST,last
BLEVINS,last
FRIEDMAN,last
MOSES,last
SOSA,last
BLANCHARD,last
HUBER,last
FRYE,last
KRUEGER,last
BERNARD,last
ROSARIO,last
RUBIO,last
MULLEN,last
BENJAMIN,last
HALEY,last
CHUNG,last
MOYER,last
CHOI,last
HORNE,last
YU,last
WOODWARD,last
ALI,last
NIXON,last
HAYDEN,last
RIVERS,last
ESTES,last
MCCARTY,last
RICHMOND,last
STUART,last
MAYNARD,last
BRANDT,last
OCONNELL,last
HANNA,last
SANFORD,last
SHEPPARD,last
CHURCH,last
BURCH,last
LEVY,last
RASMUSSEN,last
COFFEY,last
PONCE,last
FAULKNER,last
DONALDSON,last
SCHMITT,last
NOVAK,last
COSTA,last
MONTES,last
BOOKER,last
CORDOVA,last
WALLER,last
ARELLANO,last
MADDOX,last
MATA,last
BONILLA,last
STANTON,last
COMPTON,last
KAUFMAN,last
DUDLEY,last
MCPHERSON,last
BELTRAN,last
DICKSON,last
MCCANN,last
VILLEGAS,last
PROCTOR,last
HESTER,last
CANTRELL,last
DAUGHERTY,last
CHERRY,last
BRAY,last
DAVILA,last
ROWLAND,last
MADDEN,last
LEVINE,last
SPENCE,last
GOOD,last
IRWIN,last
WERNER,last
KRAUSE,last
PETTY,last
WHITNEY,last
BAIRD,last
HOOPER,last
POLLARD,last
ZAVALA,last
JARVIS,last
HOLDEN,last
HENDRIX,last
HAAS,last
MCGRATH,last
BIRD,last
LUCERO,last
TERRELL,last
RIGGS,last
JOYCE,last
ROLLINS,last
MERCER,last
GALLOWAY,last
DUKE,last
ODOM,last
ANDERSEN,last
DOWNS,last
HATFIELD,last
BENITEZ,last
ARCHER,last
HUERTA,last
TRAVIS,last
MCNEIL,last
HINTON,last
ZHANG,last
HAYS,last
MAYO,last
FRITZ,last
BRANCH,last
MOONEY,last
EWING,last
RITTER,last
ESPARZA,last
FREY,last
BRAUN,last
GAY,last
RIDDLE,last
HANEY,last
KAISER,last
HOLDER,last
CHANEY,last
MCKNIGHT,last
GAMBLE,last
VANG,last
COOLEY,last
CARNEY,last
COWAN,last
FORBES,last
FERRELL,last
DAVIES,last
BARAJAS,last
SHEA,last
OSBORN,last
BRIGHT,last
CUEVAS,last
BOLTON,last
MURILLO,last
LUTZ,last
DUARTE,last
KIDD,last
KEY,last
COOKE,last
